TIMESTAMP,PRESSURE,TEMPERATURE,ALTITUDE,OTHER
1634099684,960.33,18.95,449.98,-0.54
1634099695,960.33,18.95,449.98,-0.54
1634099705,960.33,19,449.98,-0.54
1634099715,960.33,18.95,449.98,-0.54
1634099725,957.28,19,476.53,-0.57
1634099735,960.33,19,449.98,-0.54
1634099745,960.33,19,449.98,-0.54
1634099755,960.33,19.05,449.98,-0.54
1634099765,960.33,19,449.98,-0.54
1634099775,960.33,19,449.98,-0.54
1634099785,963.38,19,423.49,-0.51
1634099795,960.33,19.05,449.98,-0.54
1634099805,960.33,19.05,449.98,-0.54
1634099815,963.38,19,423.49,-0.51
1634099825,954.22,19.05,503.15,-0.6
1634099835,957.28,19.05,476.53,-0.57
1634099845,957.28,19,476.53,-0.57
1634099855,963.38,19.05,423.49,-0.51
1634099865,963.38,19.05,423.49,-0.51
1634099875,960.33,19.05,449.98,-0.54
1634099885,960.33,19.05,449.98,-0.54
1634099895,960.33,19,449.98,-0.54
1634099905,957.28,19.05,476.53,-0.57
1634099915,960.33,19.05,449.98,-0.54
1634099925,960.33,19,449.98,-0.54
1634099935,963.38,19.05,423.49,-0.51
1634099685,957.28,19.05,476.53,-0.57
1634099695,963.38,19.05,423.49,-0.51
1634099705,960.33,19.1,449.98,-0.54
1634099715,960.33,19.05,449.98,-0.54
1634099725,957.28,19.1,476.53,-0.57
1634099735,960.33,19.1,449.98,-0.54
1634099745,960.33,19.1,449.98,-0.54
1634099755,960.33,19.15,449.98,-0.54
1634099765,960.33,19.15,449.98,-0.54
1634099775,960.33,19.2,449.98,-0.54
1634099785,960.33,19.15,449.98,-0.54
1634099795,960.33,19.25,449.98,-0.54
1634099805,957.28,19.2,476.53,-0.57
1634099815,960.33,19.25,449.98,-0.54
1634099825,963.38,19.25,423.49,-0.51
1634099835,957.28,19.25,476.53,-0.57
1634099845,960.33,19.25,449.98,-0.54
1634099855,960.33,19.25,449.98,-0.54
1634099865,960.33,19.25,449.98,-0.54
1634099875,960.33,19.25,449.98,-0.54
1634099885,966.43,19.25,397.07,-0.48
1634099895,957.28,19.25,476.53,-0.57
1634099905,960.33,19.25,449.98,-0.54
1634099915,957.28,19.3,476.53,-0.57
1634099925,960.33,19.75,449.98,-0.54
1634099935,960.33,20.15,449.98,-0.54
1634099945,966.43,20.45,397.07,-0.48
1634099955,963.38,20.7,423.49,-0.51
1634099965,960.33,20.85,449.98,-0.54
1634099975,960.33,20.95,449.98,-0.54
1634099985,957.28,21,476.53,-0.57
1634099995,960.33,21,449.98,-0.54
1634100005,960.33,21.1,449.98,-0.54
1634100015,966.43,21.1,397.07,-0.48
1634100025,960.33,21.1,449.98,-0.54
1634100035,960.33,21.1,449.98,-0.54
1634100045,960.33,21.1,449.98,-0.54
1634100055,957.28,21.05,476.53,-0.57
1634100065,963.38,21,423.49,-0.51
1634100075,960.33,21,449.98,-0.54
1634100085,960.33,21,449.98,-0.54
1634100095,960.33,21,449.98,-0.54
1634100105,957.28,20.95,476.53,-0.57
1634100115,960.33,20.95,449.98,-0.54
1634100125,963.38,20.85,423.49,-0.51
1634100135,963.38,20.85,423.49,-0.51
1634100145,957.28,20.8,476.53,-0.57
1634100155,960.33,20.8,449.98,-0.54
1634100165,960.33,20.75,449.98,-0.54
1634100176,960.33,20.7,449.98,-0.54
1634100186,951.17,20.7,529.85,-0.63
1634100196,960.33,20.65,449.98,-0.54
1634100206,960.33,20.65,449.98,-0.54
1634100216,960.33,20.75,449.98,-0.54
1634100226,963.38,20.75,423.49,-0.51
1634100236,960.33,20.8,449.98,-0.54
1634100246,960.33,20.75,449.98,-0.54
1634100256,954.22,20.8,503.15,-0.6
1634100266,960.33,20.8,449.98,-0.54
1634100276,960.33,20.75,449.98,-0.54
1634100286,963.38,20.75,423.49,-0.51
1634100296,960.33,20.75,449.98,-0.54
1634100306,954.22,20.7,503.15,-0.6
1634100316,960.33,20.65,449.98,-0.54
1634100326,960.33,20.65,449.98,-0.54
1634100336,954.22,20.65,503.15,-0.6
1634100346,963.38,20.65,423.49,-0.51
1634100356,957.28,20.65,476.53,-0.57
1634100366,960.33,20.6,449.98,-0.54
1634100376,960.33,20.55,449.98,-0.54
1634100386,957.28,20.55,476.53,-0.57
1634100396,960.33,20.5,449.98,-0.54
1634100406,963.38,20.5,423.49,-0.51
1634100416,963.38,20.5,423.49,-0.51
1634100426,963.38,20.4,423.49,-0.51
1634100436,960.33,20.35,449.98,-0.54
1634100446,960.33,20.35,449.98,-0.54
1634100456,966.43,20.35,397.07,-0.48
1634100466,960.33,20.3,449.98,-0.54
1634100476,960.33,20.3,449.98,-0.54
1634100486,963.38,20.3,423.49,-0.51
1634100496,960.33,20.25,449.98,-0.54
1634100506,960.33,20.2,449.98,-0.54
1634100516,957.28,20.2,476.53,-0.57
1634100526,960.33,20.15,449.98,-0.54
1634100536,960.33,20.15,449.98,-0.54
1634100546,957.28,20.1,476.53,-0.57
1634100556,957.28,20.05,476.53,-0.57
1634100566,960.33,20.1,449.98,-0.54
1634100576,957.28,20.05,476.53,-0.57
1634100586,960.33,20.05,449.98,-0.54
1634100596,960.33,19.95,449.98,-0.54
1634100606,960.33,19.95,449.98,-0.54
1634100616,960.33,20,449.98,-0.54
1634100626,957.28,20,476.53,-0.57
1634100636,960.33,19.95,449.98,-0.54
1634100646,960.33,19.95,449.98,-0.54
1634100657,960.33,20.05,449.98,-0.54
1634100667,960.33,20.15,449.98,-0.54
1634100677,960.33,20.25,449.98,-0.54
1634100687,963.38,20.25,423.49,-0.51
1634100697,960.33,20.35,449.98,-0.54
1634100707,960.33,20.4,449.98,-0.54
1634100717,957.28,20.45,476.53,-0.57
1634100727,957.28,20.55,476.53,-0.57
1634099684,1018.31,22.55,-42.02,0.05
1634099695,1021.36,22.55,-67.28,0.08
1634099705,1021.36,22.5,-67.28,0.08
1634099715,1018.31,22.4,-42.02,0.05
1634099725,1018.31,22.4,-42.02,0.05
1634099735,1018.31,22.3,-42.02,0.05
1634099745,1021.36,22.25,-67.28,0.08
1634099755,1021.36,22.2,-67.28,0.08
1634099684,1018.31,22.1,-42.02,0.05
1634099695,1018.31,22.05,-42.02,0.05
1634099705,1018.31,22,-42.02,0.05
1634099715,1018.31,21.95,-42.02,0.05
1634099725,1024.41,21.9,-92.48,0.11
1634099735,1018.31,21.85,-42.02,0.05
1634099745,1018.31,21.8,-42.02,0.05
1634099755,1015.26,21.8,-16.7,0.02
1634099765,1018.31,21.75,-42.02,0.05
1634099684,1006.1,14.2,59.63,-0.07
1634099694,1006.1,14.25,59.63,-0.07
1634099704,1015.26,14.3,-16.7,0.02
1634099684,1006.1,14.55,59.63,-0.07
1634099695,1015.26,14.45,-16.7,0.02
1634099684,1006.1,12.9,59.63,-0.07
1634099695,1006.1,12.9,59.63,-0.07
1634099705,1006.1,12.9,59.63,-0.07
1634099715,1006.1,12.95,59.63,-0.07
1634099725,1006.1,12.9,59.63,-0.07
1634099735,1015.26,12.95,-16.7,0.02
1634099745,1009.16,12.9,34.13,-0.04
1634099755,1009.16,12.95,34.13,-0.04
1634099765,1006.1,12.9,59.63,-0.07
1634099775,1006.1,12.9,59.63,-0.07
1634099785,1006.1,12.85,59.63,-0.07
1634099795,1009.16,12.8,34.13,-0.04
1634099805,1009.16,12.8,34.13,-0.04
1634099815,1006.1,12.8,59.63,-0.07
1634099825,1006.1,12.75,59.63,-0.07
1634099835,1006.1,12.7,59.63,-0.07
1634099845,1006.1,12.6,59.63,-0.07
1634099855,1006.1,12.6,59.63,-0.07
1634099865,1006.1,12.55,59.63,-0.07
1634099875,1006.1,12.5,59.63,-0.07
1634099885,1015.26,12.45,-16.7,0.02
1634099895,1003.05,12.4,85.21,-0.1
1634099905,1006.1,12.35,59.63,-0.07
1634099915,1006.1,12.35,59.63,-0.07
1634099925,1009.16,12.45,34.13,-0.04
1634099935,1006.1,12.4,59.63,-0.07
1634099945,1006.1,12.4,59.63,-0.07
1634099955,1006.1,12.3,59.63,-0.07
1634099965,1015.26,12.3,-16.7,0.02
1634099975,1009.16,12.25,34.13,-0.04
1634099985,1006.1,12.15,59.63,-0.07
1634099995,1009.16,12.15,34.13,-0.04
1634100005,1006.1,12.15,59.63,-0.07
1634100015,1006.1,12.1,59.63,-0.07
1634100025,1006.1,12.1,59.63,-0.07
1634100035,1006.1,12.15,59.63,-0.07
1634100045,1006.1,12.1,59.63,-0.07
1634100055,1006.1,12.1,59.63,-0.07
1634100065,1006.1,12.1,59.63,-0.07
1634100075,1009.16,12.05,34.13,-0.04
1634100085,1015.26,12.05,-16.7,0.02
1634100095,1009.16,12.05,34.13,-0.04
1634100105,1006.1,12.05,59.63,-0.07
1634100115,1006.1,12,59.63,-0.07
1634100125,1006.1,12.05,59.63,-0.07
1634100135,1015.26,12.05,-16.7,0.02
1634100146,1003.05,12.05,85.21,-0.1
1634100156,1009.16,12.05,34.13,-0.04
1634100166,1015.26,12,-16.7,0.02
1634100176,1006.1,12,59.63,-0.07
1634100186,1006.1,12,59.63,-0.07
1634100196,1006.1,12,59.63,-0.07
1634100206,1006.1,12,59.63,-0.07
1634100216,1006.1,11.95,59.63,-0.07
1634100226,1006.1,11.9,59.63,-0.07
1634100236,1006.1,11.95,59.63,-0.07
1634100246,1006.1,11.9,59.63,-0.07
1634100256,1006.1,11.9,59.63,-0.07
1634100266,1006.1,12.15,59.63,-0.07
1634100276,1006.1,12.1,59.63,-0.07
1634100286,1006.1,12.05,59.63,-0.07
1634100296,1003.05,12.1,85.21,-0.1
1634100306,1006.1,12.05,59.63,-0.07
1634100316,1003.05,12,85.21,-0.1
1634100326,1006.1,11.95,59.63,-0.07
1634100336,1009.16,11.95,34.13,-0.04
1634100346,1006.1,11.9,59.63,-0.07
1634100356,1015.26,11.9,-16.7,0.02
1634100366,1006.1,11.9,59.63,-0.07
1634100376,1006.1,11.85,59.63,-0.07
1634100386,1006.1,11.8,59.63,-0.07
1634100396,1006.1,11.7,59.63,-0.07
1634100406,1006.1,11.7,59.63,-0.07
1634100416,1009.16,11.75,34.13,-0.04
1634100426,1006.1,11.75,59.63,-0.07
1634100436,1006.1,11.75,59.63,-0.07
1634100446,1015.26,11.75,-16.7,0.02
1634100456,1009.16,11.7,34.13,-0.04
1634100466,1006.1,11.7,59.63,-0.07
1634100476,1009.16,11.7,34.13,-0.04
1634100486,1006.1,11.7,59.63,-0.07
1634100496,1006.1,11.7,59.63,-0.07
1634100506,1006.1,11.75,59.63,-0.07
1634100516,1009.16,11.75,34.13,-0.04
1634100526,1009.16,11.75,34.13,-0.04
1634100536,1006.1,11.75,59.63,-0.07
1634100546,1009.16,11.8,34.13,-0.04
1634100556,1015.26,11.8,-16.7,0.02
1634100566,1006.1,11.85,59.63,-0.07
1634100576,1006.1,11.85,59.63,-0.07
1634100586,1006.1,11.9,59.63,-0.07
1634100596,1006.1,11.9,59.63,-0.07
1634100606,1006.1,11.9,59.63,-0.07
1634100616,1006.1,12.15,59.63,-0.07
1634100627,1006.1,12.25,59.63,-0.07
1634100637,1006.1,12.2,59.63,-0.07
1634100647,1006.1,12.15,59.63,-0.07
1634100657,1006.1,12.15,59.63,-0.07
1634100667,1006.1,12.15,59.63,-0.07
1634100677,1006.1,12.1,59.63,-0.07
1634100687,1006.1,12.1,59.63,-0.07
1634100697,1009.16,12.05,34.13,-0.04
1634100707,1003.05,11.95,85.21,-0.1
1634100717,1009.16,11.95,34.13,-0.04
1634100727,1006.1,11.9,59.63,-0.07
1634100737,1006.1,11.9,59.63,-0.07
1634100747,1006.1,11.8,59.63,-0.07
1634100757,1006.1,11.85,59.63,-0.07
1634100767,1006.1,11.8,59.63,-0.07
1634100777,1009.16,11.8,34.13,-0.04
1634100787,1009.16,11.8,34.13,-0.04
1634100797,1006.1,11.8,59.63,-0.07
1634100807,1003.05,11.8,85.21,-0.1
1634100817,1006.1,11.8,59.63,-0.07
1634100827,1006.1,11.75,59.63,-0.07
1634100837,1003.05,11.8,85.21,-0.1
1634100847,1006.1,11.7,59.63,-0.07
1634100857,1006.1,11.75,59.63,-0.07
1634100867,1009.16,11.7,34.13,-0.04
1634100877,1006.1,11.65,59.63,-0.07
1634100887,1006.1,11.6,59.63,-0.07
1634100897,1006.1,11.6,59.63,-0.07
1634100907,1006.1,11.6,59.63,-0.07
1634100917,1006.1,11.55,59.63,-0.07
1634100927,1006.1,11.45,59.63,-0.07
1634100937,1009.16,11.45,34.13,-0.04
1634100947,1006.1,11.4,59.63,-0.07
1634100957,1003.05,11.4,85.21,-0.1
1634100967,1009.16,11.35,34.13,-0.04
1634100977,1009.16,11.3,34.13,-0.04
1634100987,1009.16,11.3,34.13,-0.04
1634100997,1009.16,11.5,34.13,-0.04
1634101007,1009.16,11.5,34.13,-0.04
1634101017,1006.1,11.45,59.63,-0.07
1634101027,1003.05,11.4,85.21,-0.1
1634101037,1006.1,11.4,59.63,-0.07
1634101047,1006.1,11.35,59.63,-0.07
1634101057,1006.1,11.3,59.63,-0.07
1634101067,1006.1,11.3,59.63,-0.07
1634101077,1015.26,11.3,-16.7,0.02
1634101087,1006.1,11.25,59.63,-0.07
1634101097,1006.1,11.25,59.63,-0.07
1634101107,1006.1,11.25,59.63,-0.07
1634101118,1009.16,11.25,34.13,-0.04
1634101128,1015.26,11.2,-16.7,0.02
1634101138,1006.1,11.2,59.63,-0.07
1634101148,1003.05,11.2,85.21,-0.1
1634101158,1006.1,11.2,59.63,-0.07
1634101168,1006.1,11.2,59.63,-0.07
1634101178,1006.1,11.2,59.63,-0.07
1634101188,1006.1,11.15,59.63,-0.07
1634101198,1009.16,11.15,34.13,-0.04
1634101208,1009.16,11.2,34.13,-0.04
1634101218,1006.1,11.25,59.63,-0.07
1634101228,1015.26,11.2,-16.7,0.02
1634101238,1006.1,11.2,59.63,-0.07
1634101248,1006.1,11.25,59.63,-0.07
1634101258,1015.26,11.3,-16.7,0.02
1634101268,1015.26,11.25,-16.7,0.02
1634101278,1009.16,11.25,34.13,-0.04
1634101288,1006.1,11.25,59.63,-0.07
1634101298,1015.26,11.25,-16.7,0.02
1634101308,1006.1,11.2,59.63,-0.07
1634101318,1006.1,11.25,59.63,-0.07
1634101328,1006.1,11.2,59.63,-0.07
1634101338,1009.16,11.25,34.13,-0.04
1634101348,1006.1,11.2,59.63,-0.07
1634101358,1006.1,11.2,59.63,-0.07
1634101368,1006.1,11.2,59.63,-0.07
1634101378,1006.1,11.15,59.63,-0.07
1634101388,1006.1,11.15,59.63,-0.07
1634101398,1009.16,11.15,34.13,-0.04
1634101408,1009.16,11.1,34.13,-0.04
1634101418,1003.05,11.15,85.21,-0.1
1634101428,1009.16,11.1,34.13,-0.04
1634101438,1009.16,11.1,34.13,-0.04
1634101448,1009.16,11.05,34.13,-0.04
1634101458,1006.1,11.05,59.63,-0.07
1634101468,1006.1,11,59.63,-0.07
1634101478,1000,11,110.84,-0.14
1634101488,1009.16,11,34.13,-0.04
1634101498,1006.1,10.95,59.63,-0.07
1634101508,1006.1,10.95,59.63,-0.07
1634101518,1006.1,10.95,59.63,-0.07
1634101528,1006.1,10.9,59.63,-0.07
1634101538,1015.26,10.9,-16.7,0.02
1634101548,1006.1,10.9,59.63,-0.07
1634101558,1006.1,10.85,59.63,-0.07
1634101568,1006.1,10.9,59.63,-0.07
1634101578,1006.1,10.8,59.63,-0.07
1634101588,1006.1,10.8,59.63,-0.07
1634101599,1009.16,10.8,34.13,-0.04
1634101609,1006.1,10.75,59.63,-0.07
1634101619,1009.16,10.75,34.13,-0.04
1634101629,1009.16,10.75,34.13,-0.04
1634101639,1006.1,10.75,59.63,-0.07
1634101649,1009.16,10.75,34.13,-0.04
1634101659,1009.16,10.8,34.13,-0.04
1634101669,1006.1,10.8,59.63,-0.07
1634101679,1006.1,10.85,59.63,-0.07
1634101689,1006.1,10.85,59.63,-0.07
1634101699,1009.16,10.9,34.13,-0.04
1634101709,1009.16,10.85,34.13,-0.04
1634101719,1006.1,10.9,59.63,-0.07
1634101729,1009.16,10.9,34.13,-0.04
1634101739,1006.1,10.9,59.63,-0.07
1634101749,1006.1,10.9,59.63,-0.07
1634101759,1009.16,10.9,34.13,-0.04
1634101769,1009.16,10.9,34.13,-0.04
1634101779,1009.16,10.9,34.13,-0.04
1634101789,1006.1,10.9,59.63,-0.07
1634101799,1006.1,10.9,59.63,-0.07
1634101809,1006.1,10.9,59.63,-0.07
1634101819,1006.1,10.95,59.63,-0.07
1634101829,1009.16,10.95,34.13,-0.04
1634101839,1006.1,10.95,59.63,-0.07
1634101849,1006.1,10.95,59.63,-0.07
1634101859,1003.05,11,85.21,-0.1
1634101869,1006.1,11,59.63,-0.07
1634101879,1006.1,11.05,59.63,-0.07
1634101889,1009.16,11.05,34.13,-0.04
1634101899,1006.1,11.05,59.63,-0.07
1634101909,1006.1,11.1,59.63,-0.07
1634101919,1006.1,11.1,59.63,-0.07
1634101929,1009.16,11.1,34.13,-0.04
1634101939,1006.1,11.15,59.63,-0.07
1634101949,1006.1,11.1,59.63,-0.07
1634101959,1006.1,11.15,59.63,-0.07
1634101969,1009.16,11.2,34.13,-0.04
1634101979,1009.16,11.2,34.13,-0.04
1634101989,1006.1,11.2,59.63,-0.07
1634101999,1009.16,11.2,34.13,-0.04
1634102009,1006.1,11.15,59.63,-0.07
1634102019,1006.1,11.1,59.63,-0.07
1634102029,1006.1,11.15,59.63,-0.07
1634102039,1006.1,11.1,59.63,-0.07
1634102049,1009.16,11.1,34.13,-0.04
1634102059,1006.1,11.1,59.63,-0.07
1634102069,1009.16,11.1,34.13,-0.04
1634102080,1009.16,11.1,34.13,-0.04
1634102090,1006.1,11.1,59.63,-0.07
1634102100,1006.1,11.05,59.63,-0.07
1634102110,1006.1,11,59.63,-0.07
1634102120,1018.31,11.1,-42.02,0.05
1634102130,1015.26,11.05,-16.7,0.02
1634102140,1009.16,11.05,34.13,-0.04
1634102150,1006.1,11.05,59.63,-0.07
1634102160,1009.16,11.05,34.13,-0.04
1634102170,1009.16,11.05,34.13,-0.04
1634102180,1000,11.05,110.84,-0.14
1634102190,1015.26,11.05,-16.7,0.02
1634102200,1003.05,11.05,85.21,-0.1
1634102210,1006.1,11.1,59.63,-0.07
1634102220,1015.26,11,-16.7,0.02
1634102230,1006.1,11,59.63,-0.07
1634102240,1006.1,11.05,59.63,-0.07
1634102250,1009.16,11.05,34.13,-0.04
1634102260,1009.16,11,34.13,-0.04
1634102270,1009.16,11,34.13,-0.04
1634102280,1006.1,11,59.63,-0.07
1634102290,1003.05,11,85.21,-0.1
1634102300,1006.1,11.05,59.63,-0.07
1634102310,1006.1,11.05,59.63,-0.07
1634102320,1006.1,11.05,59.63,-0.07
1634102330,1006.1,11.1,59.63,-0.07
1634102340,1006.1,11.1,59.63,-0.07
1634102350,1009.16,11.1,34.13,-0.04
1634102360,1015.26,11.1,-16.7,0.02
1634102370,1009.16,11.05,34.13,-0.04
1634102380,1006.1,11,59.63,-0.07
1634102390,1015.26,10.9,-16.7,0.02
1634102400,1006.1,10.9,59.63,-0.07
1634102410,1009.16,10.85,34.13,-0.04
1634102420,1003.05,10.85,85.21,-0.1
1634102430,1009.16,10.8,34.13,-0.04
1634102440,1006.1,10.8,59.63,-0.07
1634102450,1006.1,10.7,59.63,-0.07
1634102460,1006.1,10.7,59.63,-0.07
1634102470,1006.1,10.65,59.63,-0.07
1634102480,1015.26,10.65,-16.7,0.02
1634102490,1018.31,10.6,-42.02,0.05
1634102500,1006.1,10.6,59.63,-0.07
1634102510,1006.1,10.55,59.63,-0.07
1634102520,1006.1,10.5,59.63,-0.07
1634102531,1006.1,10.45,59.63,-0.07
1634102541,1006.1,10.45,59.63,-0.07
1634102551,1006.1,10.45,59.63,-0.07
1634102561,1009.16,10.5,34.13,-0.04
1634102571,1009.16,10.45,34.13,-0.04
1634102581,1009.16,10.45,34.13,-0.04
1634102591,1006.1,10.4,59.63,-0.07
1634102601,1009.16,10.4,34.13,-0.04
1634102611,1006.1,10.45,59.63,-0.07
1634102621,1006.1,10.45,59.63,-0.07
1634102631,1009.16,10.4,34.13,-0.04
1634102641,1006.1,10.4,59.63,-0.07
1634102651,1006.1,10.4,59.63,-0.07
1634102661,1006.1,10.4,59.63,-0.07
1634102671,1006.1,10.35,59.63,-0.07
1634102681,1006.1,10.4,59.63,-0.07
1634102691,1006.1,10.45,59.63,-0.07
1634102701,1009.16,10.45,34.13,-0.04
1634102711,1009.16,10.4,34.13,-0.04
1634102721,1006.1,10.4,59.63,-0.07
1634102731,1009.16,10.45,34.13,-0.04
1634102741,1009.16,10.5,34.13,-0.04
1634102751,1000,10.5,110.84,-0.14
1634102761,1006.1,10.55,59.63,-0.07
1634102771,1006.1,10.6,59.63,-0.07
1634102781,1006.1,10.65,59.63,-0.07
1634102791,1009.16,10.7,34.13,-0.04
1634102801,1003.05,10.75,85.21,-0.1
1634102811,1006.1,10.75,59.63,-0.07
1634102821,1006.1,10.75,59.63,-0.07
1634102831,1003.05,10.75,85.21,-0.1
1634102841,1006.1,10.75,59.63,-0.07
1634102851,1003.05,10.75,85.21,-0.1
1634102861,1006.1,10.8,59.63,-0.07
1634102871,1006.1,10.75,59.63,-0.07
1634102881,1009.16,10.75,34.13,-0.04
1634102891,1006.1,10.75,59.63,-0.07
1634102901,1003.05,10.75,85.21,-0.1
1634102911,1009.16,10.75,34.13,-0.04
1634102921,1006.1,10.75,59.63,-0.07
1634102931,1006.1,10.8,59.63,-0.07
1634102941,1009.16,10.8,34.13,-0.04
1634102951,1006.1,10.8,59.63,-0.07
1634102961,1006.1,10.8,59.63,-0.07
1634102971,1006.1,10.8,59.63,-0.07
1634102981,1009.16,10.8,34.13,-0.04
1634102991,1009.16,10.8,34.13,-0.04
1634103001,1003.05,10.85,85.21,-0.1
1634103012,1006.1,10.8,59.63,-0.07
1634103022,1009.16,10.8,34.13,-0.04
1634103032,1006.1,10.85,59.63,-0.07
1634103042,1006.1,10.85,59.63,-0.07
1634103052,1006.1,10.8,59.63,-0.07
1634103062,1006.1,10.85,59.63,-0.07
1634103072,1006.1,10.85,59.63,-0.07
1634103082,1003.05,10.85,85.21,-0.1
1634103092,1006.1,10.8,59.63,-0.07
1634103102,1006.1,10.85,59.63,-0.07
1634103112,1006.1,10.85,59.63,-0.07
1634103122,1006.1,10.85,59.63,-0.07
1634103132,1009.16,10.8,34.13,-0.04
1634103142,1006.1,10.85,59.63,-0.07
1634103152,1006.1,10.8,59.63,-0.07
1634103162,1009.16,10.8,34.13,-0.04
1634103172,1009.16,10.8,34.13,-0.04
1634103182,1006.1,10.85,59.63,-0.07
1634103192,1003.05,10.85,85.21,-0.1
1634103202,1006.1,10.8,59.63,-0.07
1634103212,1006.1,10.85,59.63,-0.07
1634103222,1006.1,10.85,59.63,-0.07
1634103232,1006.1,10.8,59.63,-0.07
1634103242,1009.16,10.85,34.13,-0.04
1634103252,1006.1,10.8,59.63,-0.07
1634103262,1006.1,10.85,59.63,-0.07
1634103272,1009.16,10.85,34.13,-0.04
1634103282,1009.16,10.85,34.13,-0.04
1634103292,1003.05,10.85,85.21,-0.1
1634103302,1006.1,10.85,59.63,-0.07
1634103312,1006.1,10.85,59.63,-0.07
1634103322,1009.16,10.9,34.13,-0.04
1634103332,1006.1,10.9,59.63,-0.07
1634103342,1006.1,10.85,59.63,-0.07
1634103352,1009.16,10.85,34.13,-0.04
1634103362,1006.1,10.85,59.63,-0.07
1634103372,1003.05,10.8,85.21,-0.1
1634103382,1006.1,10.85,59.63,-0.07
1634103392,1003.05,10.9,85.21,-0.1
1634103402,1006.1,10.9,59.63,-0.07
1634103412,1006.1,10.85,59.63,-0.07
1634103422,1006.1,10.85,59.63,-0.07
1634103432,1006.1,10.85,59.63,-0.07
1634103442,1006.1,10.9,59.63,-0.07
1634103452,1009.16,10.85,34.13,-0.04
1634103462,1015.26,10.9,-16.7,0.02
1634103472,1006.1,10.9,59.63,-0.07
1634103482,1015.26,10.9,-16.7,0.02
1634103492,1003.05,10.85,85.21,-0.1
1634103503,1015.26,10.9,-16.7,0.02
1634103513,1006.1,10.9,59.63,-0.07
1634103523,1006.1,10.95,59.63,-0.07
1634103533,1006.1,10.9,59.63,-0.07
1634103543,1009.16,10.9,34.13,-0.04
1634103553,1006.1,10.9,59.63,-0.07
1634103563,1006.1,10.95,59.63,-0.07
1634103573,1009.16,10.95,34.13,-0.04
1634103583,1006.1,10.95,59.63,-0.07
1634103593,1006.1,10.95,59.63,-0.07
1634103603,1009.16,10.9,34.13,-0.04
1634103613,1006.1,10.9,59.63,-0.07
1634103623,1015.26,10.95,-16.7,0.02
1634103633,1006.1,10.95,59.63,-0.07
1634103643,1009.16,10.9,34.13,-0.04
1634103653,1006.1,11,59.63,-0.07
1634103663,1006.1,10.95,59.63,-0.07
1634103673,1006.1,10.95,59.63,-0.07
1634103683,1009.16,10.95,34.13,-0.04
1634103693,1003.05,10.95,85.21,-0.1
1634103703,1015.26,10.95,-16.7,0.02
1634103713,1009.16,11,34.13,-0.04
1634103723,1006.1,11,59.63,-0.07
1634103733,1015.26,10.95,-16.7,0.02
1634103743,1006.1,11,59.63,-0.07
1634103753,1003.05,11,85.21,-0.1
1634103763,1006.1,11,59.63,-0.07
1634103773,1003.05,10.95,85.21,-0.1
1634103783,1003.05,11,85.21,-0.1
1634103793,1006.1,11,59.63,-0.07
1634103803,1003.05,11,85.21,-0.1
1634103813,1006.1,11,59.63,-0.07
1634103823,1006.1,10.95,59.63,-0.07
1634103833,1006.1,11,59.63,-0.07
1634103843,1006.1,11,59.63,-0.07
1634103853,1000,11,110.84,-0.14
1634103863,1009.16,11,34.13,-0.04
1634103873,1006.1,11,59.63,-0.07
1634103883,1006.1,11,59.63,-0.07
1634103893,1006.1,11,59.63,-0.07
1634103903,1006.1,11,59.63,-0.07
1634103913,1003.05,10.95,85.21,-0.1
1634103923,1006.1,11,59.63,-0.07
1634103933,1009.16,11,34.13,-0.04
1634103943,1006.1,11,59.63,-0.07
1634103953,1003.05,11,85.21,-0.1
1634103963,1006.1,11,59.63,-0.07
1634103973,1009.16,11,34.13,-0.04
1634103983,1006.1,11.05,59.63,-0.07
1634103994,1006.1,11.05,59.63,-0.07
1634104004,1009.16,11,34.13,-0.04
1634104014,1003.05,11,85.21,-0.1
1634104024,1000,11,110.84,-0.14
1634104034,1006.1,11.05,59.63,-0.07
1634104044,1006.1,11.05,59.63,-0.07
1634104054,1006.1,11.05,59.63,-0.07
1634104064,1003.05,11.05,85.21,-0.1
1634104074,1006.1,11.05,59.63,-0.07
1634104084,1009.16,11.05,34.13,-0.04
1634104094,1006.1,11.05,59.63,-0.07
1634104104,1006.1,11.05,59.63,-0.07
1634104114,1006.1,11.05,59.63,-0.07
1634104124,1003.05,11.05,85.21,-0.1
1634104134,1003.05,11.05,85.21,-0.1
1634104144,1006.1,11.1,59.63,-0.07
1634104154,1003.05,11.05,85.21,-0.1
1634104164,1006.1,11.05,59.63,-0.07
1634104174,1006.1,11.05,59.63,-0.07
1634104184,1006.1,11.05,59.63,-0.07
1634104194,1006.1,11.05,59.63,-0.07
1634104204,1006.1,11.05,59.63,-0.07
1634104214,1009.16,11.05,34.13,-0.04
1634104224,1006.1,11.1,59.63,-0.07
1634104234,1009.16,11.05,34.13,-0.04
1634104244,1003.05,11.1,85.21,-0.1
1634104254,1006.1,11,59.63,-0.07
1634104264,1006.1,11.1,59.63,-0.07
1634104274,1015.26,11.05,-16.7,0.02
1634104284,1006.1,11.1,59.63,-0.07
1634104294,1006.1,11.1,59.63,-0.07
1634104304,1006.1,11.05,59.63,-0.07
1634104314,1006.1,11.1,59.63,-0.07
1634104324,1009.16,11.1,34.13,-0.04
1634104334,1000,11.1,110.84,-0.14
1634104344,1006.1,11.1,59.63,-0.07
1634104354,1006.1,11.1,59.63,-0.07
1634104364,1009.16,11.1,34.13,-0.04
1634104374,1000,11.1,110.84,-0.14
1634104384,1006.1,11.15,59.63,-0.07
1634104394,1006.1,11.1,59.63,-0.07
1634104404,1009.16,11.1,34.13,-0.04
1634104414,1006.1,11.1,59.63,-0.07
1634104424,1006.1,11.1,59.63,-0.07
1634104434,1006.1,11.1,59.63,-0.07
1634104445,1006.1,11.1,59.63,-0.07
1634104455,1006.1,11.1,59.63,-0.07
1634104465,1006.1,11.1,59.63,-0.07
1634104475,1006.1,11.15,59.63,-0.07
1634104485,1003.05,11.15,85.21,-0.1
1634104495,1006.1,11.1,59.63,-0.07
1634104505,1009.16,11.1,34.13,-0.04
1634104515,1006.1,11.1,59.63,-0.07
1634104525,1009.16,11.1,34.13,-0.04
1634104535,1000,11.1,110.84,-0.14
1634104545,1006.1,11.1,59.63,-0.07
1634104555,1009.16,11.1,34.13,-0.04
1634104565,1006.1,11.1,59.63,-0.07
1634104575,1006.1,11.15,59.63,-0.07
1634104585,1003.05,11.15,85.21,-0.1
1634104595,1006.1,11.15,59.63,-0.07
1634104605,1006.1,11.1,59.63,-0.07
1634104615,1006.1,11.15,59.63,-0.07
1634104625,1006.1,11.15,59.63,-0.07
1634104635,1006.1,11.15,59.63,-0.07
1634104645,1006.1,11.15,59.63,-0.07
1634104655,1006.1,11.15,59.63,-0.07
1634104665,1009.16,11.15,34.13,-0.04
1634104675,1006.1,11.15,59.63,-0.07
1634104685,1006.1,11.15,59.63,-0.07
1634104695,1003.05,11.15,85.21,-0.1
1634104705,1006.1,11.15,59.63,-0.07
1634104715,1003.05,11.15,85.21,-0.1
1634104725,1006.1,11.15,59.63,-0.07
1634104735,1003.05,11.15,85.21,-0.1
1634104745,1015.26,11.15,-16.7,0.02
1634104755,1009.16,11.15,34.13,-0.04
1634104765,1000,11.15,110.84,-0.14
1634104775,1009.16,11.15,34.13,-0.04
1634104785,1006.1,11.15,59.63,-0.07
1634104795,1006.1,11.15,59.63,-0.07
1634104805,1009.16,11.1,34.13,-0.04
1634104815,1003.05,11.15,85.21,-0.1
1634104825,1000,11.15,110.84,-0.14
1634104835,1006.1,11.15,59.63,-0.07
1634104845,1006.1,11.1,59.63,-0.07
1634104855,1006.1,11.15,59.63,-0.07
1634104865,1006.1,11.2,59.63,-0.07
1634104875,1000,11.2,110.84,-0.14
1634104885,1006.1,11.2,59.63,-0.07
1634104895,1006.1,11.15,59.63,-0.07
1634104905,1006.1,11.2,59.63,-0.07
1634104915,1006.1,11.15,59.63,-0.07
1634104925,1009.16,11.15,34.13,-0.04
1634104936,1006.1,11.15,59.63,-0.07
1634104946,1006.1,11.2,59.63,-0.07
1634104956,1006.1,11.2,59.63,-0.07
1634104966,1006.1,11.2,59.63,-0.07
1634104976,1006.1,11.15,59.63,-0.07
1634104986,1000,11.2,110.84,-0.14
1634104996,1006.1,11.15,59.63,-0.07
1634105006,1006.1,11.2,59.63,-0.07
1634105016,1006.1,11.2,59.63,-0.07
1634105026,1006.1,11.15,59.63,-0.07
1634105036,1006.1,11.2,59.63,-0.07
1634105046,1009.16,11.2,34.13,-0.04
1634105056,1006.1,11.2,59.63,-0.07
1634105066,1000,11.15,110.84,-0.14
1634105076,1006.1,11.15,59.63,-0.07
1634105086,1006.1,11.15,59.63,-0.07
1634105096,1006.1,11.2,59.63,-0.07
1634105106,1006.1,11.2,59.63,-0.07
1634105116,1006.1,11.2,59.63,-0.07
1634105126,1006.1,11.15,59.63,-0.07
1634105136,1006.1,11.2,59.63,-0.07
1634105146,1006.1,11.15,59.63,-0.07
1634105156,1006.1,11.15,59.63,-0.07
1634105166,1006.1,11.2,59.63,-0.07
1634105176,1006.1,11.2,59.63,-0.07
1634105186,1006.1,11.2,59.63,-0.07
1634105196,1006.1,11.2,59.63,-0.07
1634105206,1003.05,11.2,85.21,-0.1
1634105216,1006.1,11.2,59.63,-0.07
1634105226,1006.1,11.25,59.63,-0.07
1634105236,1006.1,11.25,59.63,-0.07
1634105246,1009.16,11.2,34.13,-0.04
1634105256,1009.16,11.2,34.13,-0.04
1634105266,1003.05,11.2,85.21,-0.1
1634105276,1003.05,11.25,85.21,-0.1
1634105286,1006.1,11.2,59.63,-0.07
1634105296,1006.1,11.2,59.63,-0.07
1634105306,1006.1,11.2,59.63,-0.07
1634105316,1006.1,11.15,59.63,-0.07
1634105326,1006.1,11.2,59.63,-0.07
1634105336,1003.05,11.2,85.21,-0.1
1634105346,1006.1,11.2,59.63,-0.07
1634105357,1006.1,11.2,59.63,-0.07
1634105367,1006.1,11.2,59.63,-0.07
1634105377,1009.16,11.2,34.13,-0.04
1634105387,1006.1,11.25,59.63,-0.07
1634105397,1003.05,11.25,85.21,-0.1
1634105407,1006.1,11.15,59.63,-0.07
1634105417,1009.16,11.2,34.13,-0.04
1634105427,1006.1,11.2,59.63,-0.07
1634105437,1006.1,11.25,59.63,-0.07
1634105447,1006.1,11.2,59.63,-0.07
1634105457,1009.16,11.2,34.13,-0.04
1634105467,1006.1,11.2,59.63,-0.07
1634105477,1003.05,11.2,85.21,-0.1
1634105487,1006.1,11.2,59.63,-0.07
1634105497,1006.1,11.2,59.63,-0.07
1634105507,1003.05,11.2,85.21,-0.1
1634105517,1006.1,11.2,59.63,-0.07
1634105527,1006.1,11.25,59.63,-0.07
1634105537,1015.26,11.25,-16.7,0.02
1634105547,1006.1,11.25,59.63,-0.07
1634105557,1006.1,11.25,59.63,-0.07
1634105567,1006.1,11.25,59.63,-0.07
1634105577,1006.1,11.25,59.63,-0.07
1634105587,1006.1,11.25,59.63,-0.07
1634105597,1006.1,11.2,59.63,-0.07
1634105607,1009.16,11.2,34.13,-0.04
1634105617,1003.05,11.25,85.21,-0.1
1634105627,1006.1,11.25,59.63,-0.07
1634105637,1006.1,11.25,59.63,-0.07
1634105647,1006.1,11.2,59.63,-0.07
1634105657,1018.31,11.25,-42.02,0.05
1634105667,1006.1,11.25,59.63,-0.07
1634105677,1006.1,11.25,59.63,-0.07
1634105687,1003.05,11.2,85.21,-0.1
1634105697,1006.1,11.2,59.63,-0.07
1634105707,1009.16,11.25,34.13,-0.04
1634105717,1009.16,11.25,34.13,-0.04
1634105727,1009.16,11.25,34.13,-0.04
1634105737,1009.16,11.25,34.13,-0.04
1634105747,1006.1,11.25,59.63,-0.07
1634105757,1006.1,11.25,59.63,-0.07
1634105767,1006.1,11.25,59.63,-0.07
1634105777,1006.1,11.25,59.63,-0.07
1634105787,1003.05,11.25,85.21,-0.1
1634105797,1000,11.25,110.84,-0.14
1634105808,1006.1,11.3,59.63,-0.07
1634105818,1003.05,11.25,85.21,-0.1
1634105828,1009.16,11.25,34.13,-0.04
1634105838,1006.1,11.3,59.63,-0.07
1634105848,1003.05,11.3,85.21,-0.1
1634105858,1006.1,11.3,59.63,-0.07
1634105868,1000,11.3,110.84,-0.14
1634105878,1003.05,11.25,85.21,-0.1
1634105888,1003.05,11.25,85.21,-0.1
1634105898,1006.1,11.25,59.63,-0.07
1634105908,1006.1,11.3,59.63,-0.07
1634105918,1006.1,11.3,59.63,-0.07
1634105928,1006.1,11.3,59.63,-0.07
1634105938,1006.1,11.3,59.63,-0.07
1634105948,1006.1,11.3,59.63,-0.07
1634105958,1003.05,11.25,85.21,-0.1
1634105968,1006.1,11.3,59.63,-0.07
1634105978,1006.1,11.3,59.63,-0.07
1634105988,1009.16,11.3,34.13,-0.04
1634105998,1003.05,11.3,85.21,-0.1
1634106008,1006.1,11.3,59.63,-0.07
1634106018,1009.16,11.3,34.13,-0.04
1634106028,1009.16,11.3,34.13,-0.04
1634106038,1006.1,11.3,59.63,-0.07
1634106048,1003.05,11.35,85.21,-0.1
1634106058,1000,11.3,110.84,-0.14
1634106068,1006.1,11.35,59.63,-0.07
1634106078,1006.1,11.35,59.63,-0.07
1634106088,1003.05,11.3,85.21,-0.1
1634106098,1006.1,11.35,59.63,-0.07
1634106108,1006.1,11.35,59.63,-0.07
1634106118,1006.1,11.35,59.63,-0.07
1634106128,1009.16,11.4,34.13,-0.04
1634106138,1006.1,11.35,59.63,-0.07
1634106148,1000,11.35,110.84,-0.14
1634106158,1003.05,11.35,85.21,-0.1
1634106168,1003.05,11.35,85.21,-0.1
1634106178,1006.1,11.35,59.63,-0.07
1634106188,1003.05,11.35,85.21,-0.1
1634106198,1006.1,11.35,59.63,-0.07
1634106208,1082.4,11.35,-560.09,0.71
1634106218,1076.29,11.35,-511.84,0.64
1634106228,1082.4,11.35,-560.09,0.71
1634106238,1076.29,11.35,-511.84,0.64
1634106248,1082.4,11.35,-560.09,0.71
1634106258,1076.29,11.35,-511.84,0.64
1634106269,1079.35,11.3,-535.99,0.68
1634106279,1082.4,11.35,-560.09,0.71
1634106289,1079.35,11.35,-535.99,0.68
1634106299,1082.4,11.35,-560.09,0.71
1634106309,1076.29,11.35,-511.84,0.64
1634106319,1079.35,11.35,-535.99,0.68
1634106329,1079.35,11.35,-535.99,0.68
1634106339,1079.35,11.35,-535.99,0.68
1634106349,1082.4,11.3,-560.09,0.71
1634106359,1076.29,11.35,-511.84,0.64
1634106369,1082.4,11.4,-560.09,0.71
1634106379,1076.29,11.4,-511.84,0.64
1634106389,1079.35,11.4,-535.99,0.68
1634106399,1082.4,11.35,-560.09,0.71
1634106409,1076.29,11.4,-511.84,0.64
1634106419,1076.29,11.35,-511.84,0.64
1634106429,1082.4,11.4,-560.09,0.71
1634106439,1079.35,11.4,-535.99,0.68
1634106449,1082.4,11.45,-560.09,0.71
1634106459,1079.35,11.45,-535.99,0.68
1634106469,1079.35,11.45,-535.99,0.68
1634106479,1216.67,11.7,-1569.7,2.08
1634106489,1814.82,13.05,-5196.64,8.2
1634106499,1973.51,13.65,-5992.62,9.82
1634106509,2223.75,13.75,-7148.36,12.38
1634106519,2263.43,13.95,-7321.79,12.79
1634106529,2235.96,14,-7201.99,12.51
1634106539,2248.17,14.05,-7255.38,12.63
1634106549,2254.27,14.05,-7281.99,12.69
1634106559,2245.12,14.1,-7242.05,12.6
1634106569,2235.96,14.05,-7201.99,12.51
1634106579,2239.01,14.05,-7215.36,12.54
1634106589,2235.96,14.1,-7201.99,12.51
1634106599,2254.27,14.1,-7281.99,12.69
1634106609,2263.43,14.1,-7321.79,12.79
1634106619,2260.38,14.1,-7308.54,12.76
1634106629,2235.96,14.1,-7201.99,12.51
1634106639,2251.22,14.1,-7268.69,12.66
1634106649,2235.96,14.1,-7201.99,12.51
1634106659,2266.48,14.15,-7335.03,12.82
1634106669,2254.27,14.1,-7281.99,12.69
1634106679,2257.32,14.15,-7295.27,12.72
1634106689,2263.43,14.15,-7321.79,12.79
1634106699,2263.43,14.15,-7321.79,12.79
1634106709,2272.58,14.15,-7361.46,12.88
1634106720,2242.07,14.15,-7228.71,12.57
1634106730,2251.22,14.1,-7268.69,12.66
1634106740,2275.63,14.1,-7374.66,12.91
1634106750,2260.38,14.1,-7308.54,12.76
1634106760,2248.17,14.15,-7255.38,12.63
1634106770,2260.38,14.15,-7308.54,12.76
1634106780,2245.12,14.15,-7242.05,12.6
1634106790,2275.63,14.15,-7374.66,12.91
1634106800,2263.43,14.1,-7321.79,12.79
1634106810,2248.17,14.15,-7255.38,12.63
1634106820,2257.32,14.15,-7295.27,12.72
1634106830,2251.22,14.15,-7268.69,12.66
1634106840,2254.27,14.15,-7281.99,12.69
1634106850,2269.53,14.15,-7348.25,12.85
1634106860,2266.48,14.15,-7335.03,12.82
1634106870,2272.58,14.15,-7361.46,12.88
1634106880,2257.32,14.15,-7295.27,12.72
1634106890,2251.22,14.15,-7268.69,12.66
1634106900,2242.07,14.1,-7228.71,12.57
1634106910,2254.27,14.15,-7281.99,12.69
1634106920,2263.43,14.15,-7321.79,12.79
1634106930,2263.43,14.15,-7321.79,12.79
1634106940,2290.89,14.15,-7440.42,13.07
1634106950,2254.27,14.15,-7281.99,12.69
1634106960,2269.53,14.15,-7348.25,12.85
1634106970,2254.27,14.15,-7281.99,12.69
1634106980,2263.43,14.1,-7321.79,12.79
1634106990,2269.53,14.15,-7348.25,12.85
1634107000,2260.38,14.15,-7308.54,12.76
1634107010,2278.69,14.15,-7387.84,12.94
1634107020,2281.74,14.15,-7401.01,12.97
1634107030,2275.63,14.15,-7374.66,12.91
1634107040,2263.43,14.15,-7321.79,12.79
1634107050,2272.58,14.15,-7361.46,12.88
1634107060,2269.53,14.15,-7348.25,12.85
1634107070,2263.43,14.15,-7321.79,12.79
1634107080,2254.27,14.15,-7281.99,12.69
1634107090,2263.43,14.2,-7321.79,12.79
1634107100,2263.43,14.1,-7321.79,12.79
1634107110,2272.58,14.15,-7361.46,12.88
1634107120,2266.48,14.1,-7335.03,12.82
1634107130,2284.79,14.15,-7414.16,13.01
1634107140,2269.53,14.15,-7348.25,12.85
1634107150,2272.58,14.1,-7361.46,12.88
1634107160,2278.69,14.15,-7387.84,12.94
1634107170,2248.17,14.2,-7255.38,12.63
1634107180,2254.27,14.1,-7281.99,12.69
1634107190,2278.69,14.15,-7387.84,12.94
1634107200,2254.27,14.1,-7281.99,12.69
1634107210,2272.58,14.15,-7361.46,12.88
1634107220,2281.74,14.15,-7401.01,12.97
1634107230,2263.43,14.15,-7321.79,12.79
1634107241,2254.27,14.15,-7281.99,12.69
1634107251,2278.69,14.1,-7387.84,12.94
1634107261,2287.84,14.15,-7427.3,13.04
1634107271,2269.53,14.15,-7348.25,12.85
1634107281,2248.17,14.15,-7255.38,12.63
1634107291,2269.53,14.15,-7348.25,12.85
1634107301,2263.43,14.1,-7321.79,12.79
1634107311,2269.53,14.15,-7348.25,12.85
1634107321,2266.48,14.2,-7335.03,12.82
1634107331,2281.74,14.15,-7401.01,12.97
1634107341,2278.69,14.15,-7387.84,12.94
1634107351,2278.69,14.2,-7387.84,12.94
1634107361,2272.58,14.15,-7361.46,12.88
1634107371,2275.63,14.15,-7374.66,12.91
1634107381,2290.89,14.15,-7440.42,13.07
1634107391,2266.48,14.15,-7335.03,12.82
1634107401,2272.58,14.2,-7361.46,12.88
1634107411,2278.69,14.15,-7387.84,12.94
1634107421,2272.58,14.15,-7361.46,12.88
1634107431,2278.69,14.15,-7387.84,12.94
1634107441,2281.74,14.15,-7401.01,12.97
1634107451,2254.27,14.15,-7281.99,12.69
1634107461,2263.43,14.15,-7321.79,12.79
1634107471,2248.17,14.2,-7255.38,12.63
1634107481,2260.38,14.15,-7308.54,12.76
1634107491,2263.43,14.15,-7321.79,12.79
1634107501,2269.53,14.15,-7348.25,12.85
1634107511,2281.74,14.15,-7401.01,12.97
1634107521,2263.43,14.15,-7321.79,12.79
1634107531,2260.38,14.15,-7308.54,12.76
1634107541,2260.38,14.1,-7308.54,12.76
1634107551,2269.53,14.1,-7348.25,12.85
1634107561,2266.48,14.15,-7335.03,12.82
1634107571,2272.58,14.15,-7361.46,12.88
1634107581,2290.89,14.15,-7440.42,13.07
1634107591,2287.84,14.15,-7427.3,13.04
1634107601,2257.32,14.15,-7295.27,12.72
1634107611,2269.53,14.15,-7348.25,12.85
1634107621,2275.63,14.15,-7374.66,12.91
1634107631,2281.74,14.15,-7401.01,12.97
1634107641,2251.22,14.15,-7268.69,12.66
1634107651,2275.63,14.15,-7374.66,12.91
1634107661,2269.53,14.15,-7348.25,12.85
1634107672,2269.53,14.15,-7348.25,12.85
1634107682,2275.63,14.15,-7374.66,12.91
1634107692,2266.48,14.15,-7335.03,12.82
1634107702,2281.74,14.15,-7401.01,12.97
1634107712,2272.58,14.15,-7361.46,12.88
1634107722,2272.58,14.15,-7361.46,12.88
1634107732,2263.43,14.15,-7321.79,12.79
1634107742,2266.48,14.15,-7335.03,12.82
1634107752,2275.63,14.15,-7374.66,12.91
1634107762,2275.63,14.15,-7374.66,12.91
1634107772,2290.89,14.15,-7440.42,13.07
1634107782,2272.58,14.15,-7361.46,12.88
1634107792,2278.69,14.15,-7387.84,12.94
1634107802,2266.48,14.15,-7335.03,12.82
1634107812,2272.58,14.15,-7361.46,12.88
1634107822,2281.74,14.15,-7401.01,12.97
1634107832,2257.32,14.2,-7295.27,12.72
1634107842,2272.58,14.15,-7361.46,12.88
1634107852,2290.89,14.15,-7440.42,13.07
1634107862,2269.53,14.15,-7348.25,12.85
1634107872,2254.27,14.15,-7281.99,12.69
1634107882,2278.69,14.15,-7387.84,12.94
1634107892,2281.74,14.15,-7401.01,12.97
1634107902,2260.38,14.15,-7308.54,12.76
1634107913,2257.32,14.15,-7295.27,12.72
1634107923,2260.38,14.15,-7308.54,12.76
1634107933,2272.58,14.15,-7361.46,12.88
1634107943,2251.22,14.15,-7268.69,12.66
1634107953,2290.89,14.2,-7440.42,13.07
1634107963,2281.74,14.1,-7401.01,12.97
1634107973,2251.22,14.15,-7268.69,12.66
1634107983,2290.89,14.15,-7440.42,13.07
1634107993,2293.95,14.15,-7453.53,13.1
1634108003,2281.74,14.15,-7401.01,12.97
1634108013,2272.58,14.15,-7361.46,12.88
1634108023,2297,14.15,-7466.63,13.13
1634108033,2263.43,14.15,-7321.79,12.79
1634108043,2278.69,14.15,-7387.84,12.94
1634108053,2263.43,14.15,-7321.79,12.79
1634108063,2281.74,14.15,-7401.01,12.97
1634108073,2281.74,14.15,-7401.01,12.97
1634108083,2290.89,14.15,-7440.42,13.07
1634108093,2272.58,14.15,-7361.46,12.88
1634108103,2275.63,14.15,-7374.66,12.91
1634108113,2272.58,14.15,-7361.46,12.88
1634108123,2275.63,14.15,-7374.66,12.91
1634108133,2266.48,14.15,-7335.03,12.82
1634108143,2300.05,14.15,-7479.71,13.16
1634108153,2287.84,14.15,-7427.3,13.04
1634108164,2281.74,14.15,-7401.01,12.97
1634108174,2290.89,14.15,-7440.42,13.07
1634108184,2257.32,14.15,-7295.27,12.72
1634108194,2272.58,14.15,-7361.46,12.88
1634108204,2272.58,14.1,-7361.46,12.88
1634108214,2290.89,14.15,-7440.42,13.07
1634108224,2272.58,14.15,-7361.46,12.88
1634108234,2281.74,14.15,-7401.01,12.97
1634108244,2263.43,14.15,-7321.79,12.79
1634108254,2272.58,14.1,-7361.46,12.88
1634108264,2275.63,14.15,-7374.66,12.91
1634108274,2306.15,14.15,-7505.83,13.22
1634108284,2293.95,14.15,-7453.53,13.1
1634108294,2300.05,14.15,-7479.71,13.16
1634108304,2275.63,14.15,-7374.66,12.91
1634108314,2269.53,14.15,-7348.25,12.85
1634108324,2281.74,14.15,-7401.01,12.97
1634108334,2263.43,14.15,-7321.79,12.79
1634108344,2272.58,14.15,-7361.46,12.88
1634108354,2269.53,14.15,-7348.25,12.85
1634108364,2260.38,14.15,-7308.54,12.76
1634108374,2290.89,14.15,-7440.42,13.07
1634108384,2275.63,14.15,-7374.66,12.91
1634108394,2284.79,14.15,-7414.16,13.01
1634108404,2263.43,14.15,-7321.79,12.79
1634108414,2266.48,14.15,-7335.03,12.82
1634108424,2290.89,14.15,-7440.42,13.07
1634108435,2272.58,14.15,-7361.46,12.88
1634108445,2257.32,14.15,-7295.27,12.72
1634108455,2300.05,14.15,-7479.71,13.16
1634108465,2275.63,14.15,-7374.66,12.91
1634108475,2275.63,14.15,-7374.66,12.91
1634108485,2275.63,14.1,-7374.66,12.91
1634108495,2275.63,14.15,-7374.66,12.91
1634108505,2281.74,14.1,-7401.01,12.97
1634108515,2290.89,14.15,-7440.42,13.07
1634108525,2281.74,14.1,-7401.01,12.97
1634108535,2281.74,14.15,-7401.01,12.97
1634108545,2266.48,14.15,-7335.03,12.82
1634108555,2272.58,14.15,-7361.46,12.88
1634108565,2272.58,14.15,-7361.46,12.88
1634108575,2281.74,14.1,-7401.01,12.97
1634108585,2266.48,14.15,-7335.03,12.82
1634108595,2287.84,14.15,-7427.3,13.04
1634108605,2306.15,14.15,-7505.83,13.22
1634108615,2306.15,14.15,-7505.83,13.22
1634108625,2266.48,14.15,-7335.03,12.82
1634108635,2269.53,14.15,-7348.25,12.85
1634108645,2293.95,14.1,-7453.53,13.1
1634108655,2278.69,14.15,-7387.84,12.94
1634108666,2281.74,14.15,-7401.01,12.97
1634108676,2272.58,14.15,-7361.46,12.88
1634108686,2272.58,14.15,-7361.46,12.88
1634108696,2260.38,14.1,-7308.54,12.76
1634108706,2290.89,14.15,-7440.42,13.07
1634108716,2275.63,14.15,-7374.66,12.91
1634108726,2269.53,14.15,-7348.25,12.85
1634108736,2281.74,14.1,-7401.01,12.97
1634108746,2303.1,14.15,-7492.78,13.19
1634108756,2272.58,14.1,-7361.46,12.88
1634108766,2287.84,14.15,-7427.3,13.04
1634108776,2263.43,14.15,-7321.79,12.79
1634108786,2266.48,14.15,-7335.03,12.82
1634108796,2278.69,14.15,-7387.84,12.94
1634108806,2272.58,14.15,-7361.46,12.88
1634108816,2290.89,14.15,-7440.42,13.07
1634108826,2263.43,14.15,-7321.79,12.79
1634108836,2257.32,14.1,-7295.27,12.72
1634108846,2290.89,14.15,-7440.42,13.07
1634108856,2290.89,14.15,-7440.42,13.07
1634108866,2281.74,14.15,-7401.01,12.97
1634108876,2272.58,14.15,-7361.46,12.88
1634108887,2275.63,14.15,-7374.66,12.91
1634108897,2263.43,14.15,-7321.79,12.79
1634108907,2272.58,14.15,-7361.46,12.88
1634108917,2235.96,14.15,-7201.99,12.51
1634108927,2141.36,14.15,-6779.99,11.54
1634108937,2062.01,14.15,-6414.26,10.73
1634108947,2004.03,14.15,-6139.71,10.13
1634108957,2019.29,14.15,-6212.58,10.29
1634108967,1991.82,14.15,-6081.1,10.01
1634108977,2019.29,14.15,-6212.58,10.29
1634108987,1997.92,14.15,-6110.44,10.07
1634108997,1976.56,14.15,-6007.41,9.85
1634109007,1967.41,14.15,-5962.98,9.76
1634109017,1976.56,14.2,-6007.41,9.85
1634109027,1979.61,14.15,-6022.19,9.88
1634109037,1973.51,14.15,-5992.62,9.82
1634109047,1997.92,14.15,-6110.44,10.07
1634109057,1982.67,14.15,-6036.94,9.92
1634109067,2031.49,14.15,-6270.55,10.41
1634109077,2031.49,14.15,-6270.55,10.41
1634109087,2132.2,14.15,-6738.36,11.44
1634109097,2141.36,14.1,-6779.99,11.54
1634109107,2199.34,14.15,-7040.38,12.13
1634109118,2260.38,14.15,-7308.54,12.76
1634109128,2281.74,14.1,-7401.01,12.97
1634109138,2272.58,14.15,-7361.46,12.88
1634109148,2269.53,14.15,-7348.25,12.85
1634109158,2272.58,14.15,-7361.46,12.88
1634109168,2275.63,14.15,-7374.66,12.91
1634109178,2278.69,14.15,-7387.84,12.94
1634109188,2266.48,14.15,-7335.03,12.82
1634109198,2266.48,14.15,-7335.03,12.82
1634109208,2254.27,14.15,-7281.99,12.69
1634109218,2266.48,14.15,-7335.03,12.82
1634109228,2272.58,14.15,-7361.46,12.88
1634109238,2275.63,14.2,-7374.66,12.91
1634109248,2290.89,14.1,-7440.42,13.07
1634109258,2284.79,14.15,-7414.16,13.01
1634109268,2275.63,14.15,-7374.66,12.91
1634109278,2278.69,14.15,-7387.84,12.94
1634109288,2300.05,14.15,-7479.71,13.16
1634109298,2281.74,14.15,-7401.01,12.97
1634109308,2272.58,14.2,-7361.46,12.88
1634109318,2269.53,14.15,-7348.25,12.85
1634109328,2303.1,14.15,-7492.78,13.19
1634109339,2281.74,14.15,-7401.01,12.97
1634109349,2284.79,14.15,-7414.16,13.01
1634109359,2272.58,14.1,-7361.46,12.88
1634109369,2263.43,14.15,-7321.79,12.79
1634109379,2281.74,14.15,-7401.01,12.97
1634109389,2260.38,14.15,-7308.54,12.76
1634109399,2284.79,14.15,-7414.16,13.01
1634109409,2266.48,14.15,-7335.03,12.82
1634109419,2263.43,14.15,-7321.79,12.79
1634109429,2275.63,14.15,-7374.66,12.91
1634109439,2290.89,14.15,-7440.42,13.07
1634109449,2272.58,14.15,-7361.46,12.88
1634109459,2293.95,14.15,-7453.53,13.1
1634109469,2272.58,14.15,-7361.46,12.88
1634109479,2272.58,14.15,-7361.46,12.88
1634109489,2281.74,14.15,-7401.01,12.97
1634109499,2275.63,14.15,-7374.66,12.91
1634109509,2263.43,14.15,-7321.79,12.79
1634109519,2257.32,14.15,-7295.27,12.72
1634109529,2284.79,14.15,-7414.16,13.01
1634109539,2263.43,14.15,-7321.79,12.79
1634109549,2269.53,14.1,-7348.25,12.85
1634109559,2290.89,14.15,-7440.42,13.07
1634109569,2275.63,14.15,-7374.66,12.91
1634109580,2263.43,14.1,-7321.79,12.79
1634109590,2281.74,14.15,-7401.01,12.97
1634109600,2287.84,14.15,-7427.3,13.04
1634109610,2278.69,14.15,-7387.84,12.94
1634109620,2281.74,14.15,-7401.01,12.97
1634109630,2290.89,14.15,-7440.42,13.07
1634109640,2303.1,14.1,-7492.78,13.19
1634109650,2300.05,14.2,-7479.71,13.16
1634109660,2281.74,14.1,-7401.01,12.97
1634109670,2193.24,14.15,-7013.23,12.07
1634109680,2120,14.15,-6682.62,11.32
1634109690,2037.6,14.15,-6299.43,10.48
1634109700,1982.67,14.1,-6036.94,9.92
1634109710,2007.08,14.1,-6154.32,10.16
1634109720,2000.98,14.15,-6125.08,10.1
1634109730,2010.13,14.15,-6168.91,10.2
1634109740,2028.44,14.15,-6256.08,10.38
1634109750,2019.29,14.15,-6212.58,10.29
1634109760,2037.6,14.15,-6299.43,10.48
1634109770,2177.98,14.15,-6945.1,11.91
1634109780,2275.63,14.15,-7374.66,12.91
1634109791,2284.79,14.1,-7414.16,13.01
1634109801,2272.58,14.15,-7361.46,12.88
1634109811,2257.32,14.15,-7295.27,12.72
1634109821,2287.84,14.15,-7427.3,13.04
1634109831,2269.53,14.15,-7348.25,12.85
1634109841,2290.89,14.15,-7440.42,13.07
1634109851,2281.74,14.1,-7401.01,12.97
1634109861,2263.43,14.15,-7321.79,12.79
1634109871,2306.15,14.15,-7505.83,13.22
1634109881,2272.58,14.1,-7361.46,12.88
1634109891,2281.74,14.15,-7401.01,12.97
1634109901,2284.79,14.15,-7414.16,13.01
1634109911,2278.69,14.15,-7387.84,12.94
1634109921,2293.95,14.15,-7453.53,13.1
1634109931,2275.63,14.15,-7374.66,12.91
1634109941,2284.79,14.1,-7414.16,13.01
1634109951,2263.43,14.15,-7321.79,12.79
1634109961,2287.84,14.1,-7427.3,13.04
1634109971,2275.63,14.1,-7374.66,12.91
1634109981,2287.84,14.15,-7427.3,13.04
1634109991,2281.74,14.1,-7401.01,12.97
1634110001,2281.74,14.15,-7401.01,12.97
1634110011,2300.05,14.15,-7479.71,13.16
1634110022,2263.43,14.15,-7321.79,12.79
1634110032,2272.58,14.15,-7361.46,12.88
1634110042,2272.58,14.15,-7361.46,12.88
1634110052,2293.95,14.15,-7453.53,13.1
1634110062,2287.84,14.15,-7427.3,13.04
1634110072,2278.69,14.15,-7387.84,12.94
1634110082,2275.63,14.15,-7374.66,12.91
1634110092,2281.74,14.1,-7401.01,12.97
1634110102,2300.05,14.1,-7479.71,13.16
1634110112,2297,14.15,-7466.63,13.13
1634110122,2297,14.15,-7466.63,13.13
1634110132,2263.43,14.15,-7321.79,12.79
1634110142,2263.43,14.15,-7321.79,12.79
1634110152,2272.58,14.15,-7361.46,12.88
1634110162,2300.05,14.15,-7479.71,13.16
1634110172,2284.79,14.15,-7414.16,13.01
1634110182,2278.69,14.15,-7387.84,12.94
1634110192,2290.89,14.15,-7440.42,13.07
1634110202,2275.63,14.15,-7374.66,12.91
1634110212,2269.53,14.1,-7348.25,12.85
1634110222,2275.63,14.15,-7374.66,12.91
1634110232,2263.43,14.15,-7321.79,12.79
1634110242,2278.69,14.15,-7387.84,12.94
1634110252,2284.79,14.15,-7414.16,13.01
1634110262,2290.89,14.1,-7440.42,13.07
1634110272,2297,14.15,-7466.63,13.13
1634110282,2281.74,14.1,-7401.01,12.97
1634110292,2278.69,14.15,-7387.84,12.94
1634110302,2272.58,14.15,-7361.46,12.88
1634110312,2284.79,14.15,-7414.16,13.01
1634110323,2300.05,14.15,-7479.71,13.16
1634110333,2290.89,14.1,-7440.42,13.07
1634110343,2306.15,14.15,-7505.83,13.22
1634110353,2300.05,14.15,-7479.71,13.16
1634110363,2318.36,14.15,-7557.91,13.35
1634110373,2287.84,14.15,-7427.3,13.04
1634110383,2245.12,14.15,-7242.05,12.6
1634110393,2046.75,14.15,-6342.62,10.57
1634110403,1817.87,14.1,-5212.47,8.23
1634110413,1582.89,14.2,-3925.21,5.83
1634110423,1448.61,14.15,-3118.44,4.45
1634110433,1204.47,14.15,-1481.75,1.96
1634110443,1119.02,14.15,-845.07,1.08
1634110453,1125.12,14.15,-891.83,1.14
1634110463,1109.86,14.15,-774.54,0.99
1634110473,1125.12,14.15,-891.83,1.14
1634110483,1115.97,14.15,-821.61,1.05
1634110493,1106.81,14.1,-750.93,0.96
1634110503,1112.92,14.15,-798.1,1.02
1634110513,1088.5,14.15,-608.12,0.77
1634110523,1073.24,14.15,-487.63,0.61
1634110533,1076.29,14.1,-511.84,0.64
1634110543,1076.29,13.95,-511.84,0.64
1634110554,1073.24,13.9,-487.63,0.61
1634110564,1073.24,13.8,-487.63,0.61
1634110574,1076.29,13.7,-511.84,0.64
1634110584,1073.24,13.65,-487.63,0.61
1634110594,1079.35,13.55,-535.99,0.68
1634110604,1076.29,13.5,-511.84,0.64
1634110614,1079.35,13.5,-535.99,0.68
1634110624,1073.24,13.5,-487.63,0.61
1634110634,1073.24,13.45,-487.63,0.61
1634110644,1079.35,13.5,-535.99,0.68
1634110654,1079.35,13.5,-535.99,0.68
1634110664,1076.29,13.45,-511.84,0.64
1634110674,1076.29,13.4,-511.84,0.64
1634110684,1076.29,13.45,-511.84,0.64
1634110694,1079.35,13.45,-535.99,0.68
1634110704,1082.4,13.45,-560.09,0.71
1634110714,1076.29,13.4,-511.84,0.64
1634110724,1076.29,13.4,-511.84,0.64
1634110734,1073.24,13.35,-487.63,0.61
1634110744,1076.29,13.35,-511.84,0.64
1634110754,1076.29,13.35,-511.84,0.64
1634110764,1070.19,13.35,-463.36,0.58
1634110775,1076.29,13.3,-511.84,0.64
1634110785,1076.29,13.3,-511.84,0.64
1634110795,1073.24,13.3,-487.63,0.61
1634110805,1073.24,13.25,-487.63,0.61
1634110815,1079.35,13.3,-535.99,0.68
1634110825,1073.24,13.25,-487.63,0.61
1634110835,1076.29,13.3,-511.84,0.64
1634110845,1073.24,13.25,-487.63,0.61
1634110855,1076.29,13.2,-511.84,0.64
1634110865,1082.4,13.2,-560.09,0.71
1634110875,1076.29,13.2,-511.84,0.64
1634110885,1073.24,13.2,-487.63,0.61
1634110895,1073.24,13.2,-487.63,0.61
1634110905,1079.35,13.15,-535.99,0.68
1634110915,1073.24,13.15,-487.63,0.61
1634110925,1076.29,13.1,-511.84,0.64
1634110935,1079.35,13.15,-535.99,0.68
1634110945,1079.35,13.1,-535.99,0.68
1634110955,1076.29,13.15,-511.84,0.64
1634110965,1076.29,13.1,-511.84,0.64
1634110975,1073.24,13.1,-487.63,0.61
1634110985,1079.35,13.05,-535.99,0.68
1634110995,1070.19,13.05,-463.36,0.58
1634111005,1070.19,13.05,-463.36,0.58
1634111015,1076.29,13.05,-511.84,0.64
1634111025,1076.29,13.05,-511.84,0.64
1634111036,1082.4,13.05,-560.09,0.71
1634111046,1073.24,13.05,-487.63,0.61
1634111057,1076.29,13,-511.84,0.64
1634111067,1076.29,13,-511.84,0.64
1634111077,1073.24,13,-487.63,0.61
1634111088,1076.29,13,-511.84,0.64
1634111098,1073.24,13,-487.63,0.61
1634111109,1079.35,13,-535.99,0.68
1634111119,1076.29,12.95,-511.84,0.64
1634111130,1079.35,12.95,-535.99,0.68
1634111140,1079.35,12.95,-535.99,0.68
1634111151,1079.35,12.9,-535.99,0.68
1634111161,1079.35,12.85,-535.99,0.68
1634111172,1073.24,12.85,-487.63,0.61
1634111182,1079.35,12.85,-535.99,0.68
1634111193,1082.4,12.8,-560.09,0.71
1634111203,1079.35,12.75,-535.99,0.68
1634111213,1082.4,12.65,-560.09,0.71
1634111224,1073.24,12.55,-487.63,0.61
1634111234,1076.29,12.4,-511.84,0.64
1634111245,1079.35,12.3,-535.99,0.68
1634111255,1076.29,12.2,-511.84,0.64
1634111266,1076.29,12.15,-511.84,0.64
1634111276,1073.24,12.1,-487.63,0.61
1634111287,1076.29,12.05,-511.84,0.64
1634111297,1079.35,11.95,-535.99,0.68
1634111308,1076.29,11.85,-511.84,0.64
1634111318,1076.29,11.85,-511.84,0.64
1634111328,1082.4,11.85,-560.09,0.71
1634111339,1073.24,11.75,-487.63,0.61
1634111349,1079.35,11.75,-535.99,0.68
1634111360,1073.24,11.7,-487.63,0.61
1634111370,1073.24,11.65,-487.63,0.61
1634111381,1076.29,11.6,-511.84,0.64
1634111391,1076.29,11.6,-511.84,0.64
1634111402,1079.35,11.55,-535.99,0.68
1634111412,1076.29,11.5,-511.84,0.64
1634111423,1073.24,11.5,-487.63,0.61
1634111433,1079.35,11.5,-535.99,0.68
1634111443,1079.35,11.45,-535.99,0.68
1634111454,1073.24,11.45,-487.63,0.61
1634111464,1079.35,11.45,-535.99,0.68
1634111475,1076.29,11.45,-511.84,0.64
1634111485,1082.4,11.45,-560.09,0.71
1634111496,1073.24,11.4,-487.63,0.61
1634111507,1073.24,11.35,-487.63,0.61
1634111517,1076.29,11.4,-511.84,0.64
1634111528,1073.24,11.35,-487.63,0.61
1634111538,1082.4,11.35,-560.09,0.71
1634111549,1079.35,11.3,-535.99,0.68
1634111559,1076.29,11.3,-511.84,0.64
1634111570,1076.29,11.35,-511.84,0.64
1634111580,1076.29,11.3,-511.84,0.64
1634111591,1076.29,11.3,-511.84,0.64
1634111601,1076.29,11.3,-511.84,0.64
1634111612,1076.29,11.3,-511.84,0.64
1634111622,1079.35,11.3,-535.99,0.68
1634111633,1076.29,11.25,-511.84,0.64
1634111644,1076.29,11.25,-511.84,0.64
1634111654,1076.29,11.25,-511.84,0.64
1634111665,1076.29,11.25,-511.84,0.64
1634111675,1076.29,11.25,-511.84,0.64
1634111686,1076.29,11.15,-511.84,0.64
1634111697,1073.24,11.2,-487.63,0.61
1634111707,1079.35,11.2,-535.99,0.68
1634111718,1079.35,11.15,-535.99,0.68
1634111729,1082.4,11.15,-560.09,0.71
1634111739,1079.35,11.15,-535.99,0.68
1634111750,1076.29,11.15,-511.84,0.64
1634111761,1076.29,11.2,-511.84,0.64
1634111771,1076.29,11.15,-511.84,0.64
1634111781,1076.95,11.55,-511.41,0.01
1634111791,1076.95,1.55,-511.41,0.01
